slot,status,historical_project_id,historical_item_id,historical_revision_id,historical_content_hash,current_revision_id,current_content_hash,current_aggregate_revision,approval_evidence,tombstone_state,recall_eligible,projection_policy,disposition,reason,history_hash,evidence_artifact
001,PENDING_NOT_CENSUSED,,,,,,,,,,,,,,,
002,PENDING_NOT_CENSUSED,,,,,,,,,,,,,,,
003,PENDING_NOT_CENSUSED,,,,,,,,,,,,,,,
004,PENDING_NOT_CENSUSED,,,,,,,,,,,,,,,
005,PENDING_NOT_CENSUSED,,,,,,,,,,,,,,,
006,PENDING_NOT_CENSUSED,,,,,,,,,,,,,,,
007,PENDING_NOT_CENSUSED,,,,,,,,,,,,,,,
008,PENDING_NOT_CENSUSED,,,,,,,,,,,,,,,
009,PENDING_NOT_CENSUSED,,,,,,,,,,,,,,,
010,PENDING_NOT_CENSUSED,,,,,,,,,,,,,,,
011,PENDING_NOT_CENSUSED,,,,,,,,,,,,,,,
012,PENDING_NOT_CENSUSED,,,,,,,,,,,,,,,
013,PENDING_NOT_CENSUSED,,,,,,,,,,,,,,,
014,PENDING_NOT_CENSUSED,,,,,,,,,,,,,,,
015,PENDING_NOT_CENSUSED,,,,,,,,,,,,,,,
016,PENDING_NOT_CENSUSED,,,,,,,,,,,,,,,
017,PENDING_NOT_CENSUSED,,,,,,,,,,,,,,,
018,PENDING_NOT_CENSUSED,,,,,,,,,,,,,,,
019,PENDING_NOT_CENSUSED,,,,,,,,,,,,,,,
020,PENDING_NOT_CENSUSED,,,,,,,,,,,,,,,
021,PENDING_NOT_CENSUSED,,,,,,,,,,,,,,,
022,PENDING_NOT_CENSUSED,,,,,,,,,,,,,,,
023,PENDING_NOT_CENSUSED,,,,,,,,,,,,,,,
024,PENDING_NOT_CENSUSED,,,,,,,,,,,,,,,
025,PENDING_NOT_CENSUSED,,,,,,,,,,,,,,,
026,PENDING_NOT_CENSUSED,,,,,,,,,,,,,,,
027,PENDING_NOT_CENSUSED,,,,,,,,,,,,,,,
028,PENDING_NOT_CENSUSED,,,,,,,,,,,,,,,
029,PENDING_NOT_CENSUSED,,,,,,,,,,,,,,,
030,PENDING_NOT_CENSUSED,,,,,,,,,,,,,,,
031,PENDING_NOT_CENSUSED,,,,,,,,,,,,,,,
032,PENDING_NOT_CENSUSED,,,,,,,,,,,,,,,
033,PENDING_NOT_CENSUSED,,,,,,,,,,,,,,,
034,PENDING_NOT_CENSUSED,,,,,,,,,,,,,,,
035,PENDING_NOT_CENSUSED,,,,,,,,,,,,,,,
036,PENDING_NOT_CENSUSED,,,,,,,,,,,,,,,
037,PENDING_NOT_CENSUSED,,,,,,,,,,,,,,,
038,PENDING_NOT_CENSUSED,,,,,,,,,,,,,,,
039,PENDING_NOT_CENSUSED,,,,,,,,,,,,,,,
040,PENDING_NOT_CENSUSED,,,,,,,,,,,,,,,
041,PENDING_NOT_CENSUSED,,,,,,,,,,,,,,,
042,PENDING_NOT_CENSUSED,,,,,,,,,,,,,,,
043,PENDING_NOT_CENSUSED,,,,,,,,,,,,,,,
044,PENDING_NOT_CENSUSED,,,,,,,,,,,,,,,
045,PENDING_NOT_CENSUSED,,,,,,,,,,,,,,,
046,PENDING_NOT_CENSUSED,,,,,,,,,,,,,,,
047,PENDING_NOT_CENSUSED,,,,,,,,,,,,,,,
048,PENDING_NOT_CENSUSED,,,,,,,,,,,,,,,
049,PENDING_NOT_CENSUSED,,,,,,,,,,,,,,,
050,PENDING_NOT_CENSUSED,,,,,,,,,,,,,,,
051,PENDING_NOT_CENSUSED,,,,,,,,,,,,,,,
052,PENDING_NOT_CENSUSED,,,,,,,,,,,,,,,
053,PENDING_NOT_CENSUSED,,,,,,,,,,,,,,,
054,PENDING_NOT_CENSUSED,,,,,,,,,,,,,,,
055,PENDING_NOT_CENSUSED,,,,,,,,,,,,,,,
